rank,duration_seconds
0,110.358309
   1,109.736487
   2,110.023718
   3,109.627602
   4,109.379482
   5,108.910679
   6,108.889728
   7,109.235326
   8,109.119054
   9,110.203192
   10,109.566209
  11,109.840675
  12,109.831592
  13,109.011265
  14,109.619229
  15,109.808321
  16,109.179487
  17,109.123905
  18,109.444019
  19,108.469363
  20,109.320725
  21,109.400989
  22,108.364572
  23,108.834975
  24,109.902285
  25,109.430419
  26,110.487984
  27,110.327245
  28,110.081353
  29,109.670101
  30,107.636248
  31,108.723976
  32,110.076257
  33,109.684693
  34,109.669725
  35,110.226295
  36,109.447715
  37,108.902148
  38,109.347054
  39,109.326881
  40,108.070799
  41,109.280590
  42,109.136586
  43,108.990443
  44,109.202672
  45,109.313312
  46,108.101873
  47,106.876782
  48,110.082477
  49,109.542462
  50,109.279378
  51,109.703430
  52,109.207726
  53,108.244499
  54,108.512201
  55,109.253831
  56,108.474499
  57,108.550440
  58,109.561484
  59,108.807740
  60,110.009609
  61,110.287235
  62,109.523475
  63,110.265874
  64,110.352042
  65,109.114251
  66,109.758965
  67,109.634134
  68,110.232887
  69,109.514549
  70,108.429529
  71,106.241990
  72,110.395407
  73,110.240351
  74,109.621488
  75,110.103499
  76,107.824368
  77,109.151929
  78,108.147141
  79,108.549242
  80,109.666507
  81,108.972569
  82,109.365232
  83,108.842106
  84,110.049541
  85,109.393447
  86,110.225395
  87,110.268581
  88,109.725187
  89,109.650095
  90,109.123626
  91,109.681201
  92,110.262894
  93,110.145365
  94,109.098736
  95,110.045871
  96,108.511883
  97,109.185180
  98,110.206483
  99,110.080014
  100,108.451268
 101,108.043276
 102,109.759415
 103,110.065174
 104,109.590402
 105,109.654260
 106,109.528083
 107,109.694784
 108,109.724616
 109,109.341487
 110,109.588145
 111,109.646161
 112,109.297849
 113,109.642882
 114,108.616204
 115,108.650757
 116,109.127184
 117,109.972610
 118,109.502046
 119,109.393796
 120,109.054935
 121,108.360744
 122,108.554424
 123,109.922731
 124,109.819468
 125,109.772401
 126,107.045715
 127,108.270911
 128,109.537342
 129,109.236774
 130,108.088646
 131,107.313166
 132,109.562922
 133,108.395326
 134,110.308906
 135,110.403913
 136,108.041665
 137,108.029186
 138,109.500803
 139,109.381179
 140,109.259738
 141,109.092144
 142,108.987388
 143,109.095659
 144,110.585521
 145,110.124492
 146,110.290273
 147,110.412298
 148,109.102214
 149,108.205828
 150,109.646090
 151,109.254751
 152,110.031819
 153,110.027904
 154,108.697980
 155,109.512690
 156,109.699274
 157,109.970829
 158,110.210985
 159,109.867974
 160,109.350995
 161,110.469290
 162,109.030056
 163,107.407938
 164,110.068523
 165,109.591279
 166,108.999458
 167,109.679052
 168,110.165239
 169,109.357769
 170,109.975343
 171,109.498284
 172,109.440418
 173,109.013314
 174,108.429637
 175,107.309105
 176,109.781821
 177,109.626368
 178,109.028881
 179,108.409471
 180,109.736333
 181,109.719094
 182,109.386137
 183,108.805644
 184,108.404459
 185,108.804832
 186,109.304085
 187,109.190816
 188,109.491303
 189,109.435172
 190,107.920350
 191,107.996748
 192,109.857887
 193,109.058074
 194,108.744123
 195,108.135715
 196,108.984294
 197,109.244801
 198,107.998998
 199,108.737090
 200,108.920477
 201,109.289282
 202,108.116858
 203,108.186972
 204,109.602239
 205,109.287579
 206,109.631260
 207,110.514612
 208,109.275846
 209,108.924485
 210,108.422786
 211,108.744573
 212,109.338650
 213,109.150549
 214,108.920865
 215,108.416879
 216,110.029919
 217,109.514711
 218,108.499074
 219,108.918746
 220,108.812974
 221,109.871790
 222,106.911461
 223,109.285708
 224,109.917949
 225,109.434972
 226,109.097610
 227,109.143600
 228,109.770443
 229,109.016816
 230,110.236253
 231,110.402258
 232,110.068614
 233,109.901327
 234,108.378891
 235,109.735435
 236,108.186755
 237,110.117964
 238,109.525268
 239,108.461897
 240,109.242302
 241,108.918309
 242,109.979292
 243,109.806509
 244,110.241945
 245,110.061422
 246,109.708197
 247,109.792024
 248,109.155181
 249,109.548101
 250,107.084147
 251,109.161080
 252,109.778244
 253,109.829973
 254,109.909846
 255,109.691879
 256,108.920949
 257,109.483171
 258,108.137533
 259,109.697891
 260,108.885983
 261,109.684229
 262,109.431959
 263,109.078741
 264,110.149427
 265,109.197145
 266,109.138510
 267,109.795576
 268,110.502869
 269,110.021537
 270,108.591905
 271,109.185779
 272,110.133893
 273,109.897079
 274,109.789344
 275,108.964106
 276,109.219219
 277,108.876485
 278,110.242867
 279,110.365064
 280,110.736946
 281,110.285264
 282,109.389816
 283,109.405837
 284,109.867907
 285,109.752998
 286,106.703765
 287,108.016799
 288,109.999649
 289,109.558278
 290,108.893643
 291,109.847058
 292,109.163179
 293,109.223101
 294,109.957502
 295,110.163737
 296,109.243347
 297,108.601712
 298,108.754167
 299,107.855863
 300,110.266059
 301,110.200042
 302,108.939437
 303,109.675881
 304,109.259239
 305,109.092272
 306,107.109046
 307,108.345805
 308,109.718176
 309,110.097281
 310,108.054573
 311,108.642731
 312,109.812034
 313,109.912320
 314,108.979242
 315,109.266703
 316,108.999698
 317,109.975262
 318,110.073191
 319,110.233889
 320,110.187436
 321,109.482108
 322,108.553858
 323,109.574805
 324,109.660028
 325,109.441058
 326,110.983242
 327,110.806197
 328,110.072750
 329,110.012038
 330,108.552878
 331,107.123626
 332,109.892475
 333,109.968896
 334,109.559649
 335,110.131156
 336,109.934717
 337,109.694729
 338,109.716120
 339,109.392802
 340,109.827520
 341,110.046355
 342,109.616400
 343,109.885656
 344,109.438692
 345,109.682267
 346,108.205568
 347,109.053722
 348,110.872618
 349,110.877350
 350,108.597173
 351,109.673917
 352,108.848719
 353,109.718576
 354,108.899617
 355,109.125945
 356,110.369208
 357,110.261076
 358,108.562302
 359,108.648998
 360,110.168219
 361,109.319941
 362,109.651015
 363,109.758362
 364,109.657529
 365,109.505939
 366,108.717673
 367,109.138282
 368,109.214648
 369,109.515815
 370,108.718802
 371,107.706521
 372,109.135761
 373,109.257674
 374,109.835116
 375,110.044096
 376,109.788588
 377,109.907076
 378,108.722566
 379,107.565953
 380,109.730276
 381,109.262825
 382,109.016442
 383,107.679464
 384,110.220899
 385,109.754924
 386,108.794172
 387,109.791237
 388,109.473132
 389,109.011305
 390,109.800303
 391,109.623307
 392,109.839535
 393,109.371737
 394,109.392466
 395,109.052369
 396,109.692748
 397,109.797920
 398,110.082443
 399,110.024963
 400,109.735813
 401,109.948653
 402,108.262407
 403,108.713757
 404,110.244035
 405,110.071372
 406,107.062518
 407,108.911889
 408,109.984149
 409,109.339485
 410,110.671027
 411,110.614342
 412,109.997542
 413,110.067800
 414,107.356934
 415,108.604679
 416,108.939609
 417,109.025319
 418,110.270007
 419,109.655553
 420,110.148049
 421,109.987708
 422,110.205640
 423,110.128331
 424,109.524519
 425,109.588678
 426,109.388369
 427,109.261101
 428,109.559289
 429,109.539997
 430,107.737678
 431,109.089231
 432,109.893057
 433,109.603145
 434,109.779321
 435,109.523052
 436,109.167389
 437,109.259832
 438,108.477268
 439,108.984617
 440,110.029685
 441,110.168534
 442,108.095126
 443,108.726775
 444,109.263038
 445,109.244368
 446,111.000611
 447,110.875128
 448,108.858941
 449,109.054771
 450,109.134978
 451,108.247077
 452,109.171061
 453,107.691381
 454,107.081817
 455,108.471503
 456,110.114771
 457,110.067610
 458,109.855981
 459,108.898653
 460,110.092452
 461,109.872405
 462,109.056113
 463,107.973751
 464,109.783696
 465,108.446390
 466,108.595484
 467,109.532727
 468,109.165543
 469,109.322884
 470,109.548893
 471,110.448013
 472,108.683323
 473,109.417040
 474,109.172051
 475,109.410238
 476,109.680032
 477,110.095199
 478,107.894334
 479,109.182886
 480,109.961639
 481,109.733582
 482,109.653266
 483,109.558700
 484,108.998174
 485,108.956136
 486,108.511599
 487,108.688290
 488,109.393027
 489,109.630843
 490,108.871179
 491,108.390708
 492,109.963919
 493,109.652177
 494,110.380692
 495,110.639072
 496,109.818386
 497,110.105749
 498,109.730009
 499,109.609285
 500,109.996237
 501,109.852154
 502,109.283775
 503,108.982599
 504,110.330333
 505,109.017311
 506,110.477269
 507,110.424104
 508,109.291105
 509,110.381345
 510,109.472459
 511,109.626943
 512,110.583895
 513,110.142547
 514,108.781102
 515,109.175532
 516,110.058773
 517,109.960422
 518,109.952491
 519,109.676621
 520,108.797745
 521,109.684410
 522,109.778000
 523,108.949409
 524,109.682357
 525,110.203556
 526,108.733723
 527,107.772369
 528,109.968110
 529,109.483416
 530,110.044688
 531,109.634980
 532,107.925869
 533,109.304083
 534,109.161642
 535,109.194042
 536,109.561397
 537,109.416185
 538,108.353654
 539,109.228264
 540,110.234618
 541,110.135454
 542,110.304352
 543,110.029547
 544,108.847378
 545,109.532847
 546,108.690170
 547,109.770026
 548,110.035979
 549,110.299183
 550,107.804077
 551,109.347537
 552,108.926451
 553,108.901698
 554,109.125634
 555,108.154120
 556,108.932494
 557,109.481057
 558,108.102328
 559,108.634537
 560,108.986117
 561,107.313820
 562,107.601271
 563,108.600726
 564,110.166439
 565,107.865342
 566,109.837431
 567,108.800484
 568,107.254503
 569,109.710222
 570,109.896232
 571,109.820433
 572,109.942853
 573,110.297343
 574,109.615660
 575,109.347481
 576,109.467215
 577,109.289322
 578,110.124056
 579,110.021522
 580,109.776340
 581,109.224563
 582,108.814073
 583,108.616449
 584,109.877438
 585,110.123375
 586,108.791746
 587,108.908026
 588,110.185113
 589,110.321842
 590,109.557247
 591,109.549268
 592,108.254331
 593,109.385511
 594,109.207269
 595,109.511582
 596,109.628140
 597,109.428083
 598,109.201959
 599,108.747119
 600,109.594289
 601,109.497207
 602,109.243900
 603,109.503702
 604,109.176475
 605,109.173083
 606,110.277748
 607,110.279355
 608,109.199029
 609,109.080983
 610,107.895577
 611,109.334130
 612,109.812039
 613,110.099888
 614,110.442580
 615,108.987011
 616,109.326620
 617,110.073615
 618,110.042946
 619,110.244701
 620,110.091103
 621,110.079447
 622,108.055589
 623,108.874263
 624,109.898950
 625,109.665808
 626,108.643000
 627,109.669736
 628,107.139150
 629,109.036643
 630,109.063301
 631,109.038752
 632,109.257825
 633,108.578812
 634,108.818816
 635,109.295227
 636,111.221705
 637,111.030375
 638,111.502960
 639,111.264799
 640,109.910362
 641,110.723020
 642,110.488992
 643,110.660098
 644,111.128464
 645,110.999717
 646,110.018048
 647,110.884224
 648,110.155619
 649,110.223508
 650,110.734920
 651,110.421758
 652,109.229801
 653,110.211535
 654,109.818316
 655,110.172181
 656,110.366571
 657,110.435843
 658,109.744642
 659,109.493095
 660,109.031635
 661,108.151156
 662,108.429500
 663,109.347365
 664,110.148988
 665,110.157316
 666,109.012892
 667,107.981050
 668,110.083836
 669,110.456566
 670,109.348604
 671,109.673130
 672,110.730456
 673,110.453494
 674,110.245939
 675,110.439744
 676,110.064534
 677,108.562675
 678,109.461595
 679,110.302079
 680,110.075423
 681,109.948850
 682,109.840091
 683,109.724390
 684,110.992229
 685,110.872554
 686,110.884673
 687,111.038035
 688,110.244261
 689,109.818508
 690,110.141979
 691,110.635809
 692,111.153091
 693,110.969111
 694,109.973264
 695,110.112875
 696,112.143153
 697,111.808647
 698,111.639210
 699,111.280050
 700,110.543196
 701,111.099053
 702,110.668278
 703,110.790641
 704,110.958369
 705,110.323882
 706,109.908099
 707,110.532525
 708,110.739318
 709,110.384593
 710,110.327755
 711,110.369773
 712,110.212898
 713,110.259216
 714,110.547624
 715,110.370642
 716,110.899533
 717,110.580112
 718,109.893767
 719,109.746060
 720,109.979351
 721,109.480759
 722,109.737043
 723,109.742118
 724,109.787589
 725,109.255163
 726,109.698331
 727,109.845974
 728,110.286807
 729,110.191403
 730,109.067872
 731,109.807661
 732,109.840993
 733,109.726559
 734,109.503545
 735,109.834220
 736,108.750397
 737,109.352481
 738,109.002504
 739,109.140375
 740,109.691558
 741,109.810297
 742,109.171090
 743,108.178795
 744,110.740427
 745,109.944896
 746,110.343739
 747,110.666639
 748,109.556651
 749,110.196911
 750,109.996831
 751,110.238624
 752,110.736431
 753,110.834186
 754,109.443573
 755,109.443407
 756,109.623414
 757,109.604124
 758,109.419173
 759,109.515151
 760,109.847053
 761,109.090589
 762,108.171843
 763,108.097442
 764,109.287812
 765,109.251562
 766,108.335879
 767,108.669718
 768,110.142332
 769,109.966329
 770,110.135510
 771,109.355097
 772,108.115414
 773,109.746590
 774,109.829895
 775,109.238609
 776,110.211841
 777,110.607064
 778,108.581353
 779,108.860701
 780,110.500189
 781,109.795640
 782,110.477094
 783,110.147407
 784,108.673125
 785,109.676504
 786,110.023852
 787,109.329563
 788,110.132848
 789,110.015742
 790,109.430142
 791,108.435707
 792,110.373272
 793,110.774105
 794,110.501185
 795,109.972697
 796,110.786086
 797,109.755507
 798,109.866552
 799,109.617242
 800,110.202468
 801,110.512037
 802,110.271230
 803,110.538683
 804,110.731315
 805,110.369642
 806,111.210371
 807,111.131818
 808,110.796476
 809,109.887277
 810,110.060860
 811,110.177046
 812,111.166764
 813,110.856017
 814,110.539079
 815,110.003753
 816,111.193130
 817,110.506156
 818,111.454985
 819,111.323708
 820,109.654353
 821,110.784084
 822,110.795972
 823,110.814543
 824,110.763118
 825,111.083016
 826,111.123568
 827,111.287539
 828,110.111308
 829,109.653058
 830,109.789973
 831,110.310233
 832,109.715451
 833,110.413316
 834,108.790927
 835,110.106425
 836,109.559834
 837,109.645691
 838,109.492553
 839,108.986410
 840,110.216818
 841,109.902467
 842,110.100565
 843,110.467426
 844,109.867068
 845,109.999681
 846,109.553942
 847,110.044075
 848,110.427906
 849,110.177078
 850,110.245761
 851,110.103913
 852,109.876268
 853,109.856585
 854,109.798676
 855,109.514696
 856,109.010492
 857,109.601589
 858,109.332921
 859,109.757511
 860,109.902295
 861,109.798631
 862,108.266514
 863,109.733895
 864,110.549972
 865,109.924768
 866,110.466577
 867,110.101257
 868,110.634611
 869,110.706445
 870,110.292847
 871,110.202353
 872,110.097638
 873,110.353270
 874,109.268391
 875,110.182946
 876,110.255385
 877,107.885268
 878,110.153254
 879,110.138055
 880,109.061073
 881,109.524622
 882,109.311207
 883,109.844878
 884,110.054576
 885,110.370169
 886,109.363470
 887,110.193547
 888,110.153941
 889,110.268572
 890,110.828824
 891,110.433845
 892,110.445110
 893,110.299627
 894,109.014439
 895,110.130273
 896,110.373938
 897,110.799567
 898,109.803119
 899,109.323540
 900,111.299602
 901,110.569521
 902,111.099874
 903,111.154084
 904,110.183782
 905,109.852660
 906,109.588075
 907,110.168676
 908,111.047055
 909,110.778613
 910,110.711986
 911,110.982204
 912,109.966671
 913,109.239549
 914,109.971945
 915,110.044835
 916,109.791781
 917,109.340837
 918,109.638716
 919,110.358740
 920,110.602839
 921,109.851287
 922,110.153908
 923,109.980953
 924,111.111690
 925,110.451508
 926,110.324967
 927,110.404591
 928,110.171187
 929,110.415253
 930,110.282231
 931,109.897527
 932,109.913713
 933,110.003208
 934,108.086931
 935,109.921210
 936,110.895087
 937,110.099374
 938,110.223100
 939,110.010324
 940,109.912526
 941,109.236604
 942,109.717236
 943,109.648983
 944,109.149898
 945,109.668187
 946,109.729281
 947,110.147084
 948,110.022881
 949,109.498592
 950,110.200921
 951,110.041324
 952,110.269447
 953,110.588315
 954,109.406985
 955,108.612660
 956,108.570130
 957,109.898492
 958,108.614446
 959,109.340640
 960,110.626825
 961,110.803600
 962,110.656083
 963,109.988963
 964,110.613263
 965,110.204331
 966,110.148509
 967,110.023014
 968,109.620776
 969,109.872524
 970,110.324760
 971,110.420955
 972,110.135636
 973,110.466460
 974,110.162430
 975,109.498037
 976,110.220308
 977,110.464978
 978,109.701840
 979,110.071596
 980,109.850227
 981,109.945555
 982,108.273472
 983,107.715083
 984,110.851943
 985,111.033182
 986,110.712925
 987,110.294328
 988,109.891048
 989,109.799011
 990,110.031474
 991,110.532028
 992,110.440555
 993,110.059528
 994,109.917315
 995,110.568477
 996,110.905733
 997,110.439589
 998,110.373524
 999,110.710041
 1000,110.961515
1001,110.262768
1002,110.960144
1003,110.909763
1004,109.927207
1005,110.677649
1006,110.387377
1007,110.516507
1008,110.016814
1009,110.260554
1010,109.413924
1011,109.725266
1012,109.306391
1013,110.036771
1014,110.149739
1015,109.794820
1016,109.948902
1017,109.872814
1018,109.596486
1019,109.087154
1020,110.542926
1021,109.537448
1022,110.884598
1023,110.598102
1024,110.777436
1025,108.913711
1026,110.069119
1027,110.410644
1028,110.983315
1029,110.874664
1030,109.432835
1031,109.752915
1032,110.471943
1033,110.526103
1034,110.239861
1035,110.597749
1036,110.316464
1037,109.523846
1038,109.585931
1039,109.593209
1040,109.893816
1041,110.027007
1042,109.696546
1043,109.525374
1044,110.465999
1045,110.095590
1046,110.554024
1047,110.435623
1048,109.181172
1049,109.656382
1050,108.772332
1051,109.275566
1052,109.880002
1053,110.126442
1054,107.720621
1055,108.626155
1056,110.211811
1057,110.037258
1058,110.149405
1059,110.166780
1060,109.950994
1061,110.064671
1062,108.449486
1063,109.879404
1064,110.484932
1065,109.833905
1066,108.415613
1067,109.542927
1068,110.659777
1069,110.555946
1070,110.930024
1071,110.560003
1072,110.007817
1073,110.610352
1074,110.304499
1075,110.598772
1076,110.352076
1077,110.569193
1078,109.496646
1079,108.653278
1080,110.065621
1081,108.749123
1082,110.345983
1083,110.413298
1084,109.904765
1085,109.843442
1086,108.494710
1087,109.476230
1088,110.398435
1089,109.245715
1090,109.334433
1091,108.895515
1092,110.163568
1093,110.209833
1094,110.448654
1095,110.128851
1096,109.390622
1097,108.894485
1098,109.234752
1099,109.180622
1100,110.484883
1101,110.453891
1102,109.811772
1103,109.642837
1104,109.181014
1105,109.762540
1106,109.562018
1107,109.645607
1108,108.291367
1109,109.681626
1110,109.397559
1111,108.444346
1112,109.681036
1113,109.560606
1114,108.731801
1115,108.451747
1116,110.454142
1117,109.904442
1118,110.256782
1119,110.221194
1120,110.655998
1121,110.284578
1122,108.755611
1123,109.275399
1124,110.537878
1125,110.634400
1126,109.140555
1127,109.286705
1128,109.986977
1129,109.019304
1130,110.178255
1131,109.940966
1132,109.750830
1133,110.071224
1134,109.634499
1135,109.461315
1136,109.843948
1137,110.277247
1138,108.631289
1139,108.677247
1140,110.065541
1141,110.534399
1142,109.599639
1143,109.660747
1144,110.359366
1145,110.330168
1146,109.625498
1147,108.875254
1148,110.114177
1149,109.987238
1150,109.713438
1151,109.673783
1152,109.548151
1153,109.229883
1154,109.725540
1155,109.948726
1156,107.475913
1157,108.522905
1158,109.908479
1159,110.259007
1160,109.577654
1161,109.634654
1162,108.198624
1163,109.362535
1164,109.797388
1165,109.320811
1166,109.769939
1167,109.764252
1168,109.192461
1169,109.625185
1170,108.563295
1171,108.470080
1172,109.749500
1173,110.218400
1174,109.079810
1175,109.412389
1176,110.046661
1177,110.622374
1178,110.907867
1179,110.865932
1180,109.501252
1181,110.278489
1182,108.633580
1183,109.326679
1184,110.346027
1185,110.576676
1186,108.597021
1187,109.512797
1188,110.393217
1189,109.794635
1190,110.402950
1191,110.229495
1192,109.708630
1193,109.204558
1194,109.967811
1195,110.293975
1196,109.157438
1197,109.785677
1198,108.824049
1199,108.383811
1200,109.727767
1201,109.354537
1202,110.405385
1203,110.445900
1204,109.634732
1205,109.193563
1206,108.772460
1207,109.507401
1208,109.270041
1209,109.613580
1210,108.183347
1211,108.736736
1212,110.261636
1213,110.578911
1214,110.335967
1215,110.457876
1216,109.125180
1217,108.987671
1218,109.474782
1219,110.355498
1220,109.958648
1221,109.736991
1222,108.450251
1223,107.747751
1224,109.818002
1225,110.249347
1226,110.213339
1227,110.200771
1228,109.115811
1229,108.852735
1230,108.229649
1231,109.379431
1232,109.744480
1233,109.694632
1234,109.671575
1235,109.442280
1236,110.462412
1237,109.893550
1238,109.671313
1239,109.441461
1240,110.038648
1241,109.614451
1242,110.179126
1243,110.091121
1244,109.898895
1245,110.011696
1246,108.169635
1247,108.780766
1248,109.665814
1249,109.724071
1250,110.036300
1251,110.103853
1252,108.999468
1253,109.378884
1254,108.224316
1255,109.413435
1256,110.005590
1257,109.231482
1258,108.304112
1259,109.194583
1260,110.153122
1261,109.646595
1262,110.451227
1263,110.065706
1264,109.080139
1265,109.537522
1266,109.345066
1267,109.833375
1268,110.347225
1269,110.118165
1270,107.600123
1271,108.678421
1272,110.310715
1273,110.228648
1274,110.659266
1275,110.484840
1276,110.055162
1277,110.434057
1278,108.708967
1279,110.004205
1280,110.007839
1281,109.481866
1282,109.101067
1283,109.263498
1284,110.542960
1285,110.364355
1286,109.885756
1287,110.025703
1288,108.699213
1289,108.816232
1290,108.650317
1291,108.814178
1292,110.411063
1293,109.824904
1294,109.257117
1295,110.279631
1296,108.686108
1297,108.466235
1298,109.177731
1299,108.406638
1300,109.505317
1301,108.773323
1302,108.741268
1303,109.654426
1304,110.282148
1305,109.762959
1306,109.654988
1307,109.773632
1308,110.232950
1309,109.791522
1310,110.196487
1311,109.914135
1312,109.462229
1313,110.070072
1314,108.696233
1315,109.287251
1316,109.930349
1317,109.710150
1318,108.724626
1319,109.037536
1320,109.911598
1321,109.594752
1322,108.906775
1323,110.159652
1324,108.671752
1325,108.780134
1326,110.074051
1327,108.594388
1328,108.893666
1329,108.945400
1330,109.847023
1331,108.540114
1332,109.757404
1333,109.398517
1334,110.234714
1335,110.374098
1336,108.752347
1337,109.662109
1338,109.356381
1339,110.003913
1340,109.330453
1341,108.720729
1342,108.449192
1343,108.444141
1344,110.220931
1345,110.144555
1346,109.680451
1347,108.620917
1348,109.117252
1349,109.264261
1350,109.713992
1351,109.626507
1352,109.238034
1353,109.895885
1354,109.157590
1355,109.553541
1356,110.112015
1357,109.588950
1358,109.984622
1359,109.145121
1360,110.298965
1361,109.880543
1362,108.209893
1363,109.750705
1364,110.183319
1365,110.183111
1366,109.356620
1367,109.756664
1368,110.020383
1369,110.081698
1370,109.775646
1371,110.059797
1372,108.609616
1373,109.844835
1374,109.877724
1375,110.086710
1376,109.726677
1377,109.943943
1378,109.027339
1379,109.186763
1380,110.285354
1381,108.969647
1382,110.114213
1383,110.215205
1384,108.097295
1385,108.728817
1386,109.562803
1387,110.010207
1388,110.355207
1389,109.369570
1390,109.916823
1391,110.464937
1392,110.037692
1393,109.809333
1394,109.598688
1395,109.928225
1396,109.676281
1397,109.736477
1398,108.592585
1399,109.974320
1400,110.075109
1401,110.387361
1402,108.339725
1403,109.135546
1404,109.405731
1405,109.469441
1406,109.940421
1407,109.576108
1408,109.484260
1409,110.073424
1410,107.986588
1411,107.839573
1412,109.612955
1413,108.529377
1414,108.793689
1415,108.657860
1416,110.211586
1417,109.829373
1418,110.179693
1419,110.242617
1420,110.205346
1421,109.100976
1422,110.719179
1423,110.214603
1424,110.013312
1425,110.620569
1426,109.355064
1427,109.293456
1428,109.901535
1429,109.890912
1430,110.102819
1431,109.835715
1432,109.155027
1433,109.369598
1434,108.803423
1435,108.710517
1436,109.903961
1437,109.639711
1438,109.605342
1439,109.661611
1440,110.133094
1441,110.478548
1442,109.723139
1443,108.797877
1444,107.922215
1445,109.859588
1446,109.483413
1447,108.830515
1448,110.421477
1449,109.724826
1450,109.274884
1451,108.488026
1452,109.976029
1453,109.762236
1454,109.944570
1455,110.273765
1456,108.086821
1457,110.030160
1458,108.359165
1459,108.724983
1460,109.474408
1461,109.573641
1462,108.356314
1463,108.620085
1464,109.683744
1465,109.139208
1466,109.346273
1467,109.891178
1468,109.610889
1469,110.148243
1470,109.914746
1471,110.101500
1472,109.771085
1473,109.548804
1474,107.634070
1475,109.487086
1476,110.089711
1477,109.481241
1478,109.742800
1479,109.676910
1480,110.340519
1481,110.296767
1482,108.726741
1483,109.374695
1484,109.353550
1485,109.296325
1486,109.213620
1487,108.275568
1488,110.775661
1489,110.760316
1490,109.700047
1491,109.442537
1492,108.404354
1493,109.755778
1494,109.842061
1495,109.463595
1496,109.856671
1497,109.944702
1498,106.898987
1499,108.577408
1500,110.203716
1501,110.142420
1502,110.325206
1503,109.452428
1504,107.412358
1505,109.784811
1506,108.524055
1507,108.864127
1508,110.295741
1509,109.919823
1510,107.400398
1511,108.746654
1512,110.499536
1513,110.447083
1514,110.741514
1515,110.530367
1516,110.413736
1517,110.521796
1518,110.065682
1519,109.533325
1520,110.239292
1521,110.209078
1522,109.786206
1523,109.075940
1524,109.958402
1525,109.284193
1526,109.453837
1527,109.838475
1528,109.483128
1529,108.651275
1530,109.077482
1531,109.559530
1532,109.579233
1533,108.803139
1534,108.387874
1535,109.328198
1536,111.164366
1537,111.578965
1538,111.511787
1539,111.487597
1540,110.448191
1541,111.286615
1542,111.451709
1543,111.139529
1544,111.935731
1545,112.259527
1546,111.196310
1547,111.460450
1548,111.673326
1549,111.757838
1550,111.896493
1551,111.009200
1552,110.950811
1553,112.094864
1554,112.008910
1555,111.856671
1556,112.083235
1557,112.238618
1558,111.344437
1559,111.007894
1560,111.348386
1561,111.778322
1562,111.490624
1563,111.541714
1564,111.171851
1565,111.276518
1566,111.134083
1567,111.451769
1568,111.739287
1569,110.742941
1570,111.335323
1571,111.064734
1572,112.556226
1573,112.119930
1574,112.112844
1575,112.520280
1576,111.241153
1577,112.027110
1578,111.695543
1579,112.053429
1580,111.337066
1581,111.882330
1582,111.638221
1583,111.038627
1584,111.845041
1585,112.061683
1586,111.753266
1587,112.064077
1588,112.540775
1589,112.570789
1590,110.476403
1591,110.972123
1592,111.861170
1593,111.556466
1594,110.719648
1595,110.328688
1596,112.076617
1597,111.464149
1598,111.320053
1599,111.183967
1600,111.570302
1601,111.666234
1602,110.263682
1603,111.365175
1604,111.149022
1605,111.838453
1606,110.875535
1607,111.346669
1608,110.569692
1609,111.323482
1610,111.044397
1611,110.322038
1612,111.080186
1613,110.545917
1614,110.448886
1615,111.240672
1616,110.923577
1617,110.375633
1618,111.000752
1619,111.344229
1620,112.526945
1621,112.257185
1622,111.068833
1623,111.392358
1624,110.584810
1625,109.929006
1626,110.973174
1627,111.533446
1628,109.111194
1629,111.343586
1630,110.981580
1631,110.352812
1632,111.824599
1633,111.624300
1634,110.960590
1635,111.711022
1636,110.842569
1637,111.620402
1638,110.489452
1639,110.048785
1640,111.548712
1641,111.094091
1642,109.926775
1643,109.623661
1644,110.368640
1645,111.088991
1646,110.470222
1647,111.382996
1648,111.110610
1649,110.902129
1650,110.837723
1651,110.917331
1652,111.690815
1653,111.412056
1654,110.296030
1655,108.969782
1656,112.295717
1657,112.208987
1658,112.018538
1659,112.010522
1660,110.862310
1661,111.207001
1662,110.951520
1663,111.549388
1664,112.023166
1665,111.863071
1666,110.576139
1667,110.367673
1668,120.646029
1669,119.803941
1670,120.728190
1671,120.544618
1672,120.180537
1673,119.837862
1674,119.866353
1675,119.731094
1676,120.293038
1677,120.275410
1678,119.716625
1679,119.867404
1680,111.391928
1681,111.170284
1682,111.250415
1683,111.938679
1684,110.802576
1685,111.263374
1686,111.040349
1687,111.895211
1688,111.593326
1689,111.803060
1690,111.247966
1691,110.581687
1692,112.520118
1693,111.912688
1694,112.280373
1695,112.192472
1696,111.448639
1697,111.985647
1698,110.937985
1699,110.871033
1700,111.577739
1701,111.050310
1702,111.984634
1703,111.815520
1704,112.169797
1705,111.734956
1706,111.219573
1707,111.707427
1708,110.929877
1709,111.022059
1710,110.237177
1711,110.575034
1712,111.498932
1713,110.975241
1714,109.713637
1715,110.722188
1716,111.773967
1717,111.570561
1718,111.501565
1719,110.808957
1720,111.191139
1721,111.384747
1722,110.393470
1723,109.295060
1724,111.236257
1725,110.010662
1726,110.669672
1727,110.778979
1728,120.504065
1729,120.159785
1730,119.958972
1731,120.441223
1732,119.653325
1733,119.246329
1734,119.667754
1735,120.466843
1736,120.217456
1737,120.225490
1738,119.257260
1739,120.226650
1740,111.981423
1741,111.577751
1742,111.678168
1743,111.226995
1744,111.337259
1745,111.126760
1746,111.260022
1747,111.114151
1748,111.362580
1749,110.973295
1750,109.852307
1751,109.523728
1752,113.494907
1753,113.357122
1754,112.460740
1755,112.913801
1756,112.946387
1757,112.948953
1758,112.744582
1759,112.749645
1760,113.591244
1761,113.081027
1762,111.053148
1763,111.761404
1764,112.862769
1765,111.863362
1766,112.719572
1767,112.912292
1768,113.187952
1769,112.983474
1770,112.388440
1771,113.016761
1772,113.143556
1773,113.152425
1774,112.350520
1775,111.112101
1776,111.719083
1777,111.516225
1778,112.026719
1779,111.834974
1780,111.864677
1781,112.132238
1782,111.678669
1783,112.019195
1784,111.064183
1785,110.269637
1786,109.650552
1787,110.567053
1788,112.091166
1789,111.369652
1790,112.180956
1791,112.693477
1792,111.864585
1793,112.059469
1794,111.959402
1795,111.943970
1796,112.565562
1797,112.296405
1798,111.668022
1799,111.919486
1800,112.080802
1801,112.268211
1802,112.127313
1803,111.249601
1804,112.041576
1805,112.529135
1806,111.320520
1807,112.517443
1808,112.229590
1809,112.272254
1810,111.278726
1811,110.909036
1812,112.310538
1813,112.200322
1814,112.951746
1815,112.760771
1816,111.901068
1817,111.857128
1818,111.577697
1819,111.969278
1820,112.516208
1821,112.626890
1822,111.569881
1823,110.859506
1824,113.169297
1825,113.201478
1826,112.856447
1827,113.819121
1828,113.222663
1829,112.749425
1830,113.480520
1831,112.953020
1832,113.039188
1833,113.481542
1834,113.190034
1835,113.359324
1836,112.289980
1837,112.103854
1838,111.845576
1839,112.138567
1840,112.648039
1841,112.527994
1842,111.406834
1843,110.772386
1844,111.508842
1845,110.847246
1846,110.746784
1847,111.366858
1848,112.819368
1849,112.423968
1850,112.683289
1851,111.857135
1852,112.139946
1853,112.064712
1854,112.235518
1855,112.004863
1856,112.284853
1857,112.478419
1858,111.209482
1859,111.724066
1860,111.221561
1861,111.558276
1862,111.385906
1863,112.057931
1864,111.077709
1865,111.960425
1866,110.796475
1867,111.585772
1868,111.425164
1869,111.673580
1870,110.816977
1871,110.681201
1872,112.554201
1873,112.755577
1874,112.416166
1875,112.842567
1876,112.131770
1877,112.066091
1878,112.267529
1879,112.363726
1880,112.193770
1881,112.246212
1882,111.673635
1883,112.372737
1884,111.457084
1885,111.988376
1886,112.252020
1887,111.528591
1888,112.360860
1889,112.260311
1890,111.882019
1891,111.642184
1892,112.385651
1893,112.519515
1894,112.003538
1895,111.546436
1896,110.778910
1897,111.281224
1898,111.077187
1899,111.046658
1900,110.799679
1901,111.033789
1902,110.873608
1903,110.812093
1904,110.700308
1905,110.395250
1906,110.179193
1907,109.867251
1908,111.730991
1909,111.446761
1910,111.925746
1911,111.796942
1912,112.197878
1913,112.467568
1914,110.545318
1915,111.395551
1916,112.446491
1917,112.355150
1918,110.655561
1919,111.392587
1920,111.681339
1921,111.907210
1922,112.233571
1923,111.927051
1924,110.807530
1925,111.402398
1926,110.641306
1927,110.820405
1928,111.402384
1929,111.216577
1930,111.090169
1931,110.675708
1932,111.641079
1933,111.717687
1934,111.268128
1935,111.580374
1936,111.668398
1937,111.776121
1938,109.809110
1939,111.214324
1940,111.322177
1941,111.826047
1942,110.787988
1943,110.836284
1944,111.370978
1945,111.735341
1946,111.962616
1947,111.899896
1948,112.008462
1949,112.663695
1950,111.495461
1951,111.349672
1952,111.760318
1953,112.435815
1954,111.032023
1955,111.131754
1956,111.254240
1957,111.354602
1958,111.151409
1959,111.868872
1960,110.802945
1961,111.367610
1962,110.635427
1963,110.789714
1964,111.930256
1965,112.111051
1966,110.605740
1967,109.776502
1968,110.951526
1969,110.309984
1970,111.284131
1971,111.832039
1972,111.656507
1973,111.782632
1974,109.238795
1975,109.807012
1976,111.489794
1977,110.934297
1978,111.374064
1979,111.791943
1980,119.783598
1981,120.311896
1982,120.615602
1983,120.510238
1984,119.218786
1985,119.651854
1986,119.997479
1987,119.914552
1988,120.573806
1989,120.293200
1990,118.150117
1991,118.699882
1992,113.650310
1993,113.013015
1994,113.611547
1995,113.563817
1996,112.949356
1997,113.138621
1998,112.900250
1999,113.053664
2000,113.921273
2001,113.750112
2002,113.821267
2003,113.353101
2004,111.190491
2005,111.086981
2006,111.152543
2007,110.793216
2008,110.533846
2009,110.397069
2010,110.305828
2011,110.706245
2012,110.586007
2013,110.710699
2014,110.912999
2015,110.177490
2016,120.232815
2017,119.963571
2018,120.300032
2019,119.686758
2020,120.057954
2021,120.458444
2022,118.774142
2023,119.597660
2024,120.434572
2025,120.162569
2026,119.345380
2027,120.163005
2028,111.810150
2029,111.274958
2030,111.734506
2031,111.631735
2032,111.095380
2033,111.423145
2034,110.508738
2035,111.264181
2036,111.020850
2037,111.493613
2038,111.021889
2039,110.391286
2040,112.450796
2041,112.237582
2042,112.156630
2043,112.234684
2044,112.317567
2045,111.629426
2046,111.455689
2047,110.539696
2048,111.353575
2049,111.746413
2050,110.700328
2051,111.348319
2052,112.040915
2053,112.377031
2054,111.819746
2055,112.108950
2056,111.458708
2057,111.685941
2058,111.620202
2059,111.769522
2060,111.885489
2061,111.793768
2062,110.964046
2063,111.297027
2064,120.866783
2065,119.862729
2066,121.336496
2067,120.843604
2068,120.732621
2069,120.597768
2070,120.167696
2071,120.156061
2072,120.992299
2073,120.791965
2074,120.103339
2075,119.411250
2076,111.527740
2077,111.785015
2078,112.262316
2079,112.250268
2080,112.026118
2081,111.697659
2082,111.256197
2083,111.392389
2084,111.794148
2085,111.244821
2086,110.748294
2087,110.657765
2088,112.869199
2089,112.776917
2090,112.851095
2091,112.589555
2092,112.775854
2093,112.821489
2094,112.253799
2095,112.646596
2096,112.505901
2097,112.416668
2098,112.570296
2099,112.928806
2100,120.067666
2101,119.705097
2102,120.156722
2103,119.975622
2104,119.726100
2105,119.820845
2106,119.533207
2107,119.444750
2108,119.935978
2109,119.811764
2110,119.423753
2111,119.153772
2112,110.880641
2113,111.056168
2114,111.262372
2115,110.758972
2116,111.102569
2117,111.267272
2118,109.859266
2119,110.214140
2120,110.777041
2121,110.140338
2122,111.098461
2123,110.746612
2124,111.505218
2125,111.517266
2126,111.920159
2127,111.647246
2128,111.155775
2129,111.816145
2130,111.258699
2131,111.463504
2132,110.787217
2133,111.199447
2134,110.792860
2135,111.151893
2136,111.585397
2137,111.129903
2138,111.855504
2139,111.571645
2140,110.441949
2141,111.460618
2142,111.514441
2143,111.457124
2144,110.755080
2145,110.982480
2146,110.823846
2147,110.929874
2148,110.674839
2149,110.872196
2150,110.656318
2151,110.276999
2152,110.089822
2153,110.970816
2154,111.243696
2155,110.877640
2156,110.918250
2157,111.080739
2158,109.632756
2159,109.486245
2160,111.912493
2161,111.656836
2162,111.343473
2163,111.245639
2164,111.373010
2165,111.140942
2166,110.821871
2167,111.194564
2168,111.176957
2169,111.444577
2170,110.932939
2171,110.816037
2172,119.992669
2173,119.733630
2174,119.721353
2175,119.432395
2176,118.144576
2177,119.400805
2178,119.009736
2179,118.785986
2180,119.661769
2181,119.802715
2182,119.365708
2183,119.883230
2184,120.326546
2185,120.244370
2186,120.368679
2187,120.123183
2188,120.248732
2189,119.801779
2190,118.823607
2191,117.709931
2192,119.365894
2193,119.680307
2194,118.497335
2195,120.000360
2196,112.330050
2197,111.968305
2198,111.912768
2199,111.809049
2200,110.946130
2201,111.390027
2202,112.031278
2203,111.575459
2204,112.275730
2205,111.992402
2206,111.192400
2207,109.839928
2208,111.328535
2209,111.230699
2210,111.596274
2211,110.944154
2212,110.374172
2213,111.102564
2214,110.995677
2215,110.427397
2216,110.949415
2217,110.900029
2218,110.846724
2219,110.756371
2220,112.095827
2221,111.887994
2222,111.864876
2223,112.571155
2224,112.010045
2225,112.249714
2226,112.134656
2227,112.201815
2228,112.527906
2229,112.117043
2230,111.881952
2231,111.727284
2232,112.189534
2233,111.745745
2234,112.287390
2235,112.283570
2236,111.458939
2237,111.089831
2238,111.005158
2239,111.019950
2240,111.094723
2241,110.635631
2242,110.271015
2243,110.727454
2244,112.898944
2245,113.081868
2246,113.548585
2247,113.008500
2248,112.612833
2249,113.401204
2250,112.903762
2251,111.704487
2252,111.955702
2253,113.009892
2254,112.734016
2255,112.682359
2256,111.130332
2257,110.946387
2258,110.955122
2259,110.327836
2260,109.948622
2261,110.209169
2262,110.013359
2263,110.522631
2264,110.790342
2265,110.648699
2266,109.698021
2267,109.489227
2268,111.726377
2269,111.840423
2270,110.986261
2271,111.325721
2272,111.571474
2273,111.314630
2274,111.117013
2275,111.509159
2276,111.185014
2277,111.308435
2278,111.063883
2279,110.868117
2280,111.911428
2281,111.350774
2282,111.892495
2283,111.569593
2284,112.096409
2285,112.049121
2286,111.935044
2287,111.748393
2288,111.652348
2289,111.361869
2290,111.357956
2291,111.289053
2292,120.796480
2293,121.445155
2294,121.029741
2295,121.272862
2296,120.793344
2297,120.634610
2298,120.430982
2299,121.286392
2300,121.185288
2301,120.536340
2302,119.942876
2303,120.247250
2304,111.588599
2305,111.504328
2306,112.280806
2307,112.490659
2308,112.114721
2309,112.091940
2310,111.076448
2311,111.668145
2312,111.919664
2313,111.802712
2314,111.991758
2315,111.997302
2316,111.975515
2317,111.127747
2318,111.617757
2319,111.723450
2320,111.389302
2321,111.002672
2322,111.037640
2323,110.840412
2324,111.671956
2325,111.385893
2326,110.502119
2327,110.610806
2328,111.561819
2329,111.698259
2330,111.112686
2331,111.147631
2332,111.253809
2333,111.233190
2334,111.722867
2335,110.898091
2336,111.109684
2337,110.832913
2338,111.048317
2339,111.093055
2340,113.027655
2341,112.587550
2342,112.234350
2343,112.803959
2344,112.065353
2345,112.025871
2346,111.436122
2347,112.129504
2348,111.849039
2349,111.973358
2350,111.323547
2351,110.935261
2352,111.638540
2353,111.007523
2354,111.028462
2355,110.907457
2356,111.111134
2357,111.019448
2358,111.235630
2359,111.697485
2360,111.807615
2361,111.233641
2362,111.044918
2363,109.810138
2364,111.098282
2365,110.541821
2366,111.382492
2367,111.141795
2368,110.874303
2369,110.202879
2370,110.867687
2371,110.867517
2372,111.015647
2373,111.337863
2374,109.262552
2375,109.771809
2376,110.921791
2377,111.037826
2378,111.363619
2379,111.576685
2380,110.316691
2381,111.213443
2382,110.645111
2383,110.294142
2384,111.608913
2385,111.299798
2386,110.016652
2387,109.708363
2388,113.736011
2389,113.455244
2390,113.088590
2391,112.869534
2392,110.952131
2393,112.185945
2394,113.308738
2395,113.082999
2396,113.063414
2397,113.243167
2398,112.428717
2399,112.583963
2400,111.590746
2401,111.995516
2402,112.114928
2403,111.686020
2404,111.409184
2405,112.413491
2406,110.440449
2407,111.435304
2408,112.102031
2409,112.210074
2410,109.822186
2411,111.158914
2412,111.291589
2413,111.825928
2414,111.329292
2415,111.401717
2416,111.456363
2417,111.748043
2418,110.699040
2419,110.446781
2420,111.297448
2421,111.351896
2422,110.903852
2423,110.863339
2424,112.133777
2425,112.115349
2426,112.351475
2427,111.965702
2428,112.070164
2429,112.144578
2430,112.052851
2431,112.345627
2432,112.173076
2433,111.853579
2434,111.918805
2435,110.929366
2436,113.477099
2437,113.249385
2438,113.149918
2439,113.051818
2440,113.032864
2441,112.725603
2442,113.186323
2443,113.047846
2444,113.335381
2445,113.208750
2446,113.146436
2447,112.965474
2448,111.402658
2449,110.910617
2450,111.260441
2451,110.963844
2452,110.794044
2453,111.015273
2454,111.041866
2455,111.031082
2456,110.549096
2457,110.347007
2458,109.646068
2459,111.050467
2460,112.820965
2461,112.463444
2462,112.715581
2463,113.054276
2464,112.091326
2465,112.316283
2466,111.585664
2467,111.196354
2468,112.442045
2469,112.505107
2470,111.831053
2471,111.850064
2472,111.329231
2473,110.781777
2474,110.838882
2475,111.254061
2476,109.982545
2477,110.945792
2478,110.113135
2479,110.879211
2480,110.576132
2481,111.493059
2482,108.807656
2483,109.330848
2484,111.573752
2485,111.545515
2486,112.089704
2487,111.449611
2488,111.176892
2489,111.699822
2490,111.089897
2491,111.917691
2492,111.774142
2493,111.622205
2494,110.732211
2495,110.511281
2496,112.718553
2497,112.335497
2498,112.460514
2499,112.097352
2500,111.923122
2501,111.769143
2502,111.824802
2503,111.598767
2504,112.219099
2505,111.772648
2506,112.007097
2507,111.951807
2508,111.762035
2509,111.298939
2510,112.439503
2511,112.311417
2512,111.750719
2513,112.006583
2514,111.372988
2515,111.823061
2516,112.360827
2517,111.892911
2518,111.416294
2519,110.362700
2520,113.386886
2521,113.353539
2522,112.667808
2523,112.880813
2524,111.453632
2525,112.571529
2526,112.430563
2527,112.250047
2528,113.372004
2529,112.945096
2530,112.993359
2531,112.803428
2532,111.711334
2533,111.011766
2534,111.336660
2535,111.606632
2536,111.284420
2537,111.647232
2538,110.612485
2539,111.533679
2540,110.194767
2541,112.149305
2542,110.851313
2543,111.375524
2544,120.615186
2545,120.894162
2546,120.507045
2547,120.273595
2548,120.635832
2549,120.788033
2550,121.363870
2551,121.038267
2552,120.731284
2553,120.925142
2554,120.112582
2555,120.114136
2556,111.549123
2557,111.651571
2558,111.496841
2559,111.641868
2560,111.287425
2561,110.117332
2562,111.254190
2563,111.381238
2564,111.553060
2565,111.659389
2566,110.729246
2567,111.353371
2568,111.196038
2569,110.728323
2570,111.226057
2571,110.825043
2572,111.250912
2573,111.096517
2574,110.632437
2575,111.166799
2576,111.823518
2577,111.881974
2578,110.925049
2579,109.596882
2580,121.566271
2581,121.787628
2582,121.058075
2583,120.520516
2584,119.772265
2585,120.743797
2586,121.086731
2587,120.508821
2588,119.545086
2589,120.675995
2590,120.563083
2591,119.638443
2592,111.874582
2593,112.039954
2594,112.156086
2595,111.633173
2596,111.739478
2597,111.868410
2598,111.076869
2599,111.701785
2600,112.333367
2601,112.107409
2602,110.696410
2603,111.527391
2604,120.532736
2605,120.536555
2606,120.883563
2607,120.398168
2608,119.965630
2609,120.849199
2610,120.902903
2611,120.699991
2612,119.987452
2613,120.319241
2614,119.708605
2615,118.724039
2616,111.924066
2617,111.227057
2618,111.023611
2619,111.753521
2620,110.153738
2621,111.194059
2622,111.101913
2623,111.788787
2624,111.564659
2625,111.507282
2626,111.078608
2627,110.933565
2628,112.132394
2629,112.207834
2630,112.574880
2631,112.236389
2632,111.315375
2633,111.839731
2634,111.327900
2635,111.820871
2636,111.847647
2637,111.971499
2638,110.200693
2639,111.167907
2640,120.264762
2641,120.355537
2642,119.028891
2643,119.706540
2644,120.825831
2645,120.536920
2646,118.755908
2647,119.766396
2648,120.292129
2649,119.917582
2650,119.296056
2651,119.551348
2652,111.738869
2653,111.426473
2654,111.708982
2655,111.646127
2656,110.844758
2657,111.532072
2658,110.405487
2659,110.079445
2660,111.679517
2661,111.276186
2662,111.300236
2663,111.685434
2664,111.605146
2665,111.528999
2666,111.249737
2667,111.327774
2668,110.384884
2669,110.906087
2670,110.891798
2671,110.654802
2672,111.317446
2673,111.179640
2674,109.271127
2675,109.863860
2676,120.177539
2677,119.441783
2678,120.355198
2679,119.868070
2680,119.554182
2681,119.574601
2682,119.781382
2683,119.939093
2684,120.775543
2685,120.322762
2686,119.279014
2687,119.502956
2688,111.858033
2689,111.718710
2690,112.140013
2691,111.969238
2692,111.848500
2693,112.034178
2694,109.721880
2695,111.332603
2696,111.628947
2697,111.518287
2698,111.703975
2699,111.291447
2700,113.456910
2701,112.842369
2702,113.685362
2703,113.472584
2704,113.277611
2705,112.746922
2706,112.474117
2707,113.505852
2708,112.983096
2709,112.428666
2710,113.645514
2711,113.580781
2712,111.772024
2713,111.782113
2714,111.566492
2715,111.790668
2716,111.599529
2717,111.998828
2718,111.603204
2719,111.070668
2720,111.457122
2721,111.244899
2722,110.792231
2723,110.826855
2724,120.473652
2725,120.351023
2726,121.038458
2727,120.916511
2728,120.522508
2729,120.650788
2730,120.306269
2731,120.614660
2732,120.930459
2733,120.283220
2734,120.204070
2735,120.742979
2736,111.902567
2737,112.016484
2738,111.764408
2739,111.825667
2740,110.598492
2741,111.556299
2742,112.103318
2743,111.802058
2744,111.853239
2745,111.662953
2746,111.590363
2747,111.510404
2748,111.638768
2749,111.760897
2750,111.091875
2751,111.611729
2752,111.648134
2753,111.068618
2754,111.149972
2755,111.523271
2756,111.687275
2757,111.932903
2758,111.560528
2759,111.389722
2760,112.570233
2761,112.089991
2762,112.589789
2763,112.102551
2764,112.623875
2765,112.414968
2766,112.428897
2767,112.613364
2768,112.117539
2769,111.990196
2770,112.264940
2771,112.558643
2772,111.553157
2773,111.894959
2774,111.588919
2775,111.112551
2776,110.995912
2777,111.754773
2778,111.132095
2779,110.796787
2780,111.475084
2781,110.612774
2782,111.011356
2783,110.253422
2784,111.894734
2785,112.235172
2786,111.662082
2787,112.044108
2788,111.478971
2789,110.833713
2790,112.640299
2791,112.812107
2792,111.241034
2793,111.751835
2794,110.660524
2795,109.564212
2796,112.040687
2797,111.777794
2798,111.905972
2799,111.671040
2800,111.295240
2801,110.860079
2802,110.653042
2803,110.954659
2804,110.954094
2805,111.034353
2806,111.433400
2807,111.178258
2808,112.483413
2809,111.767924
2810,113.177617
2811,112.533733
2812,112.164936
2813,112.227817
2814,111.795117
2815,111.170460
2816,113.083670
2817,112.393019
2818,112.276001
2819,111.823743
2820,111.656929
2821,110.612706
2822,111.658756
2823,111.347684
2824,110.516231
2825,111.515800
2826,111.731443
2827,112.130061
2828,112.175459
2829,111.691518
2830,111.581164
2831,110.998038
2832,112.447581
2833,112.207119
2834,111.963315
2835,112.247149
2836,112.339949
2837,110.811936
2838,112.312038
2839,112.435171
2840,112.664211
2841,112.609445
2842,111.456977
2843,111.188973
2844,111.390690
2845,111.114126
2846,111.454383
2847,111.641836
2848,111.004633
2849,110.533109
2850,110.577959
2851,110.450502
2852,111.068722
2853,110.743344
2854,110.461331
2855,110.916630
2856,119.961163
2857,120.643399
2858,120.527028
2859,120.256435
2860,120.684879
2861,120.321369
2862,121.102936
2863,120.425350
2864,120.473205
2865,120.042673
2866,120.480089
2867,120.568924
2868,112.581581
2869,112.301326
2870,112.351531
2871,111.731343
2872,111.839548
2873,111.780504
2874,112.421740
2875,112.375987
2876,111.930192
2877,112.078432
2878,112.331599
2879,112.349890
2880,111.338317
2881,111.120400
2882,111.819546
2883,111.558732
2884,111.575182
2885,110.862324
2886,110.596623
2887,110.654801
2888,111.066294
2889,110.874435
2890,110.873941
2891,110.496880
2892,112.491656
2893,111.990996
2894,112.835508
2895,112.833054
2896,112.745473
2897,112.797080
2898,111.654741
2899,111.971216
2900,111.283827
2901,112.124850
2902,111.935644
2903,110.717458
2904,111.827986
2905,111.326515
2906,111.474457
2907,112.132097
2908,110.775735
2909,110.975829
2910,111.440741
2911,110.908539
2912,112.217531
2913,111.982571
2914,110.988533
2915,111.155625
2916,112.229095
2917,112.011189
2918,112.436223
2919,112.181240
2920,111.278004
2921,112.073135
2922,112.342450
2923,112.042856
2924,111.946027
2925,111.876759
2926,111.169518
2927,111.374393
2928,111.329600
2929,111.418002
2930,110.380333
2931,109.923656
2932,111.419344
2933,111.349964
2934,111.540716
2935,111.547699
2936,111.411247
2937,111.791556
2938,110.065698
2939,111.376371
2940,111.521506
2941,111.633493
2942,111.558603
2943,111.135495
2944,111.562218
2945,111.495694
2946,110.561421
2947,111.029507
2948,110.971481
2949,110.778011
2950,110.932109
2951,110.882377
2952,112.511565
2953,112.256695
2954,112.405583
2955,112.318393
2956,112.304629
2957,112.345422
2958,111.576873
2959,112.007004
2960,112.993495
2961,112.898362
2962,111.902867
2963,111.900460
2964,111.779683
2965,111.873627
2966,112.479643
2967,112.127831
2968,112.109396
2969,112.204544
2970,111.457351
2971,111.890132
2972,112.893993
2973,112.593920
2974,111.045524
2975,110.758176
2976,111.567606
2977,111.509318
2978,111.707897
2979,111.800634
2980,111.353160
2981,110.440043
2982,111.609848
2983,111.865861
2984,111.568128
2985,111.594035
2986,111.534862
2987,111.187333
2988,111.606153
2989,112.083927
2990,111.652304
2991,111.576871
2992,109.647000
2993,111.465210
2994,111.649016
2995,111.677438
2996,111.812575
2997,112.166522
2998,110.285891
2999,111.214420
3000,112.163247
3001,112.047432
3002,111.925618
3003,112.176170
3004,111.683561
3005,112.248044
3006,111.340281
3007,111.358927
3008,111.774965
3009,112.092643
3010,110.834816
3011,111.465455
3012,112.166976
3013,112.098550
3014,111.876219
3015,111.708410
3016,112.179402
3017,112.253369
3018,111.875936
3019,111.622257
3020,112.161467
3021,111.880892
3022,111.270920
3023,111.077200
3024,110.756757
3025,111.025708
3026,111.814121
3027,111.470655
3028,111.060532
3029,111.265980
3030,111.571817
3031,111.270120
3032,111.277279
3033,111.193133
3034,110.910581
3035,110.570817
3036,111.136977
3037,111.129435
3038,111.201172
3039,111.303895
3040,111.206000
3041,110.916564
3042,110.944566
3043,110.461339
3044,111.325791
3045,111.202065
3046,110.781735
3047,110.940088
3048,120.996694
3049,120.775615
3050,120.236460
3051,120.415866
3052,120.357804
3053,120.351458
3054,119.568368
3055,120.056475
3056,120.471864
3057,120.030360
3058,120.559169
3059,120.263698
3060,112.521700
3061,112.606447
3062,112.085509
3063,111.904616
3064,112.362711
3065,112.480549
3066,111.496747
3067,111.725719
3068,111.985380
3069,111.945412
3070,111.208417
3071,109.908178
